リンク,仕事内容,必要なスキル・経験
https://www.green-japan.com/company/5042/job/202038,"【概要】
当社は「日本の全世代を活性化する」をMissionに地方創生を目指しているIT企業です。

2011年8月の創業から成長を続け、
2022年12月27日には東証グロース市場へ上場いたしました。

更なる飛躍を求め、地方エンジニアの活性化を行っています。
フルリモートで東京の案件を経験して、全国のエンジニアが東京水準の技術で
フルスタックエンジニアを目指しています。

我々は、地方でも最新技術の開発ができるよう、
また、エンジニアになりたいという若手を増やせるよう、
ITと人材の活性化で地方創生を目指します。

基本的にはエンドから直接請け負うため、上流からの参画も可能で、
エンジニアとしてのキャリアップも図れます。

現在は、Go言語、Java、PHP、Ruby、Pythonの案件が多く、
様々な言語の習得が可能です。

【案件例】
■ブランド等のリストアプリに伴う開発案件（Go言語）
■ポイントシステム、経理報告システムなどの追加開発、改修、運用業務（Python）
■某大手ECサイト（Java）
■某動画配信プラットフォーム開発（Ruby）
■Fintechサービス開発（Ruby、PHP）

【仕事の魅力】
■2018年、アジアで活躍する企業100を受賞！
■「Job Creation」受賞！（雇用創出効果の高い企業を表彰するもの）
■2022年12月27日に「東証クローズ市場へ上場」いたしました！
■完全週休二日制（土日休み）、万が一休日出勤になった場合は代休とれます。 
■現在の福利厚生のほとんどは、社員が作ってきたもの!会社作りに携わることが出来ますよ！",DX化支援を通じて、生産性向上を目指す企業に最適な人材を提供します。全国のネットワークを活用し、企業のDXニーズに合った人材を調達・提案します。
https://www.green-japan.com/company/6883/job/241284,"【サービス】
「本気で課題に挑む人たちと、事業を通して社会にポジティブなアップデートを仕掛けていくこと」

Sun terrasは、エンジニアリングで社会に新たな価値を提供することを目指しています。
クライアントの課題に真摯に向き合い、
様々なサービスラインにより柔軟な支援をしていくことで社会をもっと便利に、豊かにアップデートします。

また、Sun terrasは人とテクノロジーの可能性を信じて、可能性の種を育てアップデートし続ける企業を目指しています。

【事業内容】
Digital.exeは3つの事業で構成されています。

■Tech Bridge Unit
課題に真摯に向き合えるチームとしてエンジニアの技術力をスピーディーかつ安定的に提供し、
中長期的に高水準で柔軟なシステム開発・保守・運用や、開発体制の構築・サポートを行います。

■TechEd Unit
DXの理解・プログラミング・オンライン研修などを通じて、デジタル化に伴って必要となった
スキルを従業員に身につけてもらうことで、業務効率化やDX推進のサポートを行います。

■Engage Sphere Unit
CRMなど多くの市場でトップシェア＆国内6,000社以上の導入実績を誇るSalesforceを
ロー・ノー・プロコードを駆使して効果的に使いこなし、優れた顧客体験が実現されるように事業を推進します。

【仕事内容】
チームとしては、スタートアップからエンタープライズまで幅広いクライアントと
直接話をしながら課題の洗い出し〜要件定義〜設計〜開発〜リリースまで担当しています。

【プロジェクト事例】
■概要
小売業向け店舗解析サービスサーバーサイド開発

■内容
ディープラーニングをはじめとするAIを活用し、小売・流通向けのB2BSaaSや
製造業向けAIプラットフォーム事業を展開するエンド企業が運営している
AIを活用した店舗解析サービスに携わって頂きます。

■開発環境
開発言語：Python 3.x / Go /TypeScript 
開発環境:Linux / Docker / AWS / GCP

【歩めるキャリアパス】
限定的な業務やキャリアパスではなく、柔軟で幅広いキャリアパスを用意しています。

◎開発メンバー → スペシャリストへ
「技術を極めたい」「開発エンジニアとしてプロフェッショナルになりたい」という方に最適です。
マネジメントには関わらずひたすら技術力を上げていくことができます。

◎開発メンバー → チームリーダーへ
徐々に業務の幅を広げていただきゆくゆくは3∼5名程度のチームのリーダーとして自身も手を動かしながらメンバーのマネジメントや後輩育成に携われます。

上記以外にもエンジニア職からビジネスサイド、新規事業へのチャレンジも可能です。
エンジニア経験者ならではの視点や知識を活かし事業戦略や組織醸成、新規事業立ち上げに関わり、さらなるキャリアアップを実現しましょう！

【開発環境の一例】
・開発言語:PHP、Ruby、Python、Swift、Java、JavaScript、TypeScript、Apexなど
・フレームワーク:React、Vue.js、Ruby on Railsなど
・データベース:MySQL、PostgreSQL、Oracleなど
・その他:AWS、GCP、Docker、Apache、Github、Redmine、Slackなど
※使用言語等はプロジェクトによって異なります。

【携わるプロダクトイメージ】
・大手モバイル企業のユーザー向けシステム
・ヘルスケア系のECサイト
・大手女性向けメディア　　...etc",AIを活用し、小売業界の店舗データ解析で顧客体験を革新するサービスです。ディープラーニング技術で小売業界のB2B SaaSシステムを強化し、店舗解析を行います。
https://www.green-japan.com/company/8527/job/236431,"◆リモート率9割◆子育て中社員は24％◆既婚社員は44％◆ライフワークバランス特化◆

弊社は平均年齢38歳、平均IT歴11年で一番短い方で5年目です。
エンド企業からの信頼を得るため経験者のみに特化することで、『商流を浅く・単価を高く・給与を上げる！』を実現している点が特徴であり、エンジニアは同じ工程を長年担当するわけではなく、
製造→詳細設計→基本設計→要件定義→PL,PMとステップアップできる点が他社と大きく異なります。

■当社のコンセプト■
ITエンジニアのスキルに対して適切に還元するために商流を浅くし、
単価を上げる事で給与を上げる。

＊＊＊上記コンセプトのもとで手がけていただく案件の特長＊＊＊
★エンド直接取引・大手SIer案件が豊富
★エンド案件平均単価は100万円
★常時3000案件からエンジニア本人が案件を選択可能
★案件は中規模～大規模が中心
★開発～設計～要件定義やPL・PMなどスキルに合わせた工程を選択可能
★開発言語ごとのチーム制でスムーズなキャッチアップ
★プロジェクト期間は6ヶ月～2年以上まで様々
小規模案件では学べない事が多いという観点から、
30人月（5名チーム×6ヶ月）～120人月（20名チーム×6ヶ月）で
数千万円〜数億円規模の大きなプロジェクトをターゲットとしています。

＊＊＊プロジェクト例＊＊＊
≪開発系≫
　◆動画配信サービスのバックエンド開発
　◆大手向けBtoBクラウドサービス開発
　◆株式自動売買システムの企画、設計、開発
　◆大規模通販サイトの設計、開発　など
≪マネジメント系≫
　◆通信会社様カードシステム基本構想策定支援
　◆不動産管理会社向けDXを推進管理システム
　◆保険会社IT部門側の基幹システム刷新プロジェクト　など

【業務内容】。
PythonによるWeb開発(製造、詳細設計、基本設計、要件定義)を担当して頂きます。
・開発言語：Python(Django、Flask)、javascript(React,Vue.js)等
・データベース：MySQL, MongoDB, PostgreSQL、Redis、BigQuery等
・インフラ・ミドルウェア：AWS (ECS, Lambda, RDS, etc)、Terraform、Docker等

☆当社の営業は『エンジニアの成長』も営業目標として取り組みます。
当社では営業スタッフの目標に『エンジニアの成長＝単価アップ』を組み込んでいます。
だからこそ、短期プロジェクトの連続であなたのスキルシートを
まとまりのないものにするようなことはしませんし、
プロジェクト内で急に別工程を任されるような場合でも、
スキルに見合った単価になるように交渉します。

また、リモート勤務などの柔軟な働き方を推進し、
公私にわたって思い通りの環境を作っていける体制も整えており
残業は月平均7時間程度で、土日休みの年間休日125日、
既婚者や子育て中の社員も多く在籍中です。

キャリアアップとプライベートの充実を両立できる当社で
新しいスタートを切りませんか？",SES業界の構造を打破し、高還元率とスキルアップを保障する革新事業です。強力な営業力で高単価なエンド直取引を実現し、案件選択の自由度を提供します。
https://www.green-japan.com/company/5153/job/252040,"★100,000件以上の膨大なキャリアデータベースを元に、未来のキャリアを追求★

◎『Make engineers Happy』圧倒的にエンジニアのキャリアに寄り添ったサポート体制！
弊社の強みはこれまでのエンジニアに特化した転職・独立支援等のキャリア形成⽀援をしてきたノウハウを活かして、専属の伴走者であるキャリアコンサルタントがマンツーマンでフォロー。
スキルだけでなく、マインドや将来の希望に合った仕事をお任せしていきます。
※最先端の技術を⽤いたプロジェクトから、スキルアップが望めるプロジェクトまで、幅広くお選びいた だきます。

◎キャリア設計の土台を支える豊富なプライム案件数
⼤⼿⼈材会社や⼤⼿IT企業をはじめとした500社以上と取引し、様々なご依頼をいただいています。
豊富な取引先と実績から満足のいく案件への参画が可能です！
【事業内容】
１、ITコンサルティング
開発に入る前のグランド・デザインから参画します。
ビジネス目標の達成に重点を置いたコンサルティングを行い、現状分析を基にしたシステムや技術を提案しています。

２、システム開発
業務の仕組みを創るためのシステム開発を提供。
機器の導入や単なるプログラミングを行うのではなく、クライアントの立場に立った、システム開発を行います。

３、保守・運用
クライアントファーストな保守運用・サポート。
クライアントの立場になり、システムやサービスを稼働させるための保守・運用によるサポートを行っています。

４、Eコマース
Eコマース向けのサイト・バックオフィス機能の構築。
「お客さまの役に立つということ」をモットーに、幅広い表現力と豊富なノウハウでお客さまの悩みを解決致します。


【開発プロジェクト例〈言語：Python〉】
・画像処理・サーバー設計開発
・テスト自動化
・自社動画配信サービス開発会社のWeb全般開発
・大規模動画配信サービスのアプリのバックエンド開発
・社内向けSFA・CRMツールの開発……ほか多数

【開発環境例】
言語：Python
FW：Django ...etc
DB： PostgreSQL / SQL Server
ツール：AWS / Terraform

【キャリア形成イメージ】
・まずはスキルアップ、スキルチェンジしたい！
　⇛豊富な案件から最適なキャリア形成が目指せます。
・幹部候補として、当社で新しい働き方を一緒に作っていきましょう！
　⇛０から生み出したい方にピッタリな働き方です。
・フリーランスとして独立！
　⇛フリーランスとして活動するまでサポートします。",フロントエンドエンジニア
https://www.green-japan.com/company/4969/job/282837,"仕事内容:

大手企業を中心とした業務システムやWebサービスの開発案件に参画していただきます。
JavaやPythonを中心としたモダンな技術環境で、要件定義・設計・実装・テストなど、スキルと希望に応じた工程をお任せします。

案件はエンド直で顧客と直接コミュニケーションが取れる環境です。

【主な業務内容】
・既存VBやAccessのレガシーシステムをJava／Spring BootでWeb化
・Python／FastAPIを使ったデータ可視化ツールの開発
・TypeScript（React）によるUIの設計・実装
・クラウド（AWS／GCP）を使った環境構築支援
・設計書作成やコードレビューなどチーム開発体制でのPJ推進

【プロジェクト例】

▽ 生成AI活用プロジェクト ▽

業務内容: 九州企業向け業務効率化AIシステムの構築
使用技術: Azure OpenAI、GPT-4、画像・音声解析技術
担当範囲: PoC環境構築から実証実験、本番導入まで
▽ 顧客管理システム再構築プロジェクト ▽

業務内容: 既存顧客管理システムの刷新および機能追加
使用技術: Java、SpringBoot、AWS、TypeScript
担当範囲: 要件定義、設計、製造、テストまで一貫して対応
▽ モバイルアプリ開発プロジェクト ▽

業務内容: 九州企業の顧客向けアプリ開発・改善
使用技術: モダンなアプリ開発技術、クラウドバックエンド
担当範囲: 企画段階からの参画、開発、改善サイクル",事業会社向けにサービス開発、システム開発を担当いただきます。企画・設計・開発を担当いただき、プロジェクト単位での支援ではなく、中長期でご担当いただきます。
https://www.green-japan.com/company/1606/job/282972,"仕事内容:

大手企業を中心とした業務システムやWebサービスの開発案件に参画していただきます。
JavaやPythonを中心としたモダンな技術環境で、要件定義・設計・実装・テストなど、スキルと希望に応じた工程をお任せします。

案件はエンド直で顧客と直接コミュニケーションが取れる環境です。

【主な業務内容】
・既存VBやAccessのレガシーシステムをJava／Spring BootでWeb化
・Python／FastAPIを使ったデータ可視化ツールの開発
・TypeScript（React）によるUIの設計・実装
・クラウド（AWS／GCP）を使った環境構築支援
・設計書作成やコードレビューなどチーム開発体制でのPJ推進

【プロジェクト例】

▽ 生成AI活用プロジェクト ▽
業務内容: 九州企業向け業務効率化AIシステムの構築
使用技術: Azure OpenAI、GPT-4、画像・音声解析技術
担当範囲: PoC環境構築から実証実験、本番導入まで

▽ 顧客管理システム再構築プロジェクト ▽
業務内容: 既存顧客管理システムの刷新および機能追加
使用技術: Java、SpringBoot、AWS、TypeScript
担当範囲: 要件定義、設計、製造、テストまで一貫して対応

▽ モバイルアプリ開発プロジェクト ▽
業務内容: 九州企業の顧客向けアプリ開発・改善
使用技術: モダンなアプリ開発技術、クラウドバックエンド
担当範囲: 企画段階からの参画、開発、改善サイクル",大手企業を中心にDXの内製支援をする「0次DX」を展開し、戦略策定のフェーズから、システム開発・保守のフェーズまで一気通貫でサービス提供しています。
https://www.green-japan.com/company/6153/job/80286,"【 仕事内容 】
・大規模EC基盤の開発やその周辺プロダクトの開発をしていただきます。
　既存ECサイトのヘッドレスコマース化や、OMO対応など、まだ事例が少なく難易度の高い開発や、国内事例が少なく海外でのシェアが高いパッケージを利用したECサイト開発を主軸としております。

店舗とオンラインショップで同じユーザー体験を実現させるOMO(Online Merges with Offline)に力を入れる企業が増えており、「店舗とオンラインショップの顧客データの一元化」「基幹システムとの売上連携」などの重要性が上がっています。

これを実現させるには、高度な技術力と設計力が求められます。

クライアントごとに抱える課題が異なるため、同じような開発を繰り返すことはほとんどなく、常に新しいことに挑戦できる環境です。

正解がない中でシステムとしての”あるべき姿”を模索し続けていく難しさはありますが、それこそがエンジニアリングの醍醐味といえます。

＜開発実績＞
Francfranc様／旺文社様／駿台様／MOMO NATURAL様／電通様
などのコーポレートサイト・ECサイト・Webアプリケーションを作成しています。


【 開発環境 】
言語 : TypeScript / Kotlin / PHP / Python / GraphQL
フレームワーク : React / Spring Boot / Magento2
インフラ : Aamazon Web Service / Netlify / AWS CloudWatch シリーズ / Terraform / GitHub Actions
ツール : GitHub / Slack / Redmine / Miro / Google Meet / NotePM / Visual Studio Code / Intellij IDEA

最近では中〜大規模のプロダクトが多く、Kotlin+Spring Bootのバックエンド開発、TypeScript+Reactのフロントエンド開発が多いです。
GraphQLを取り入れて、Rails(GraphQL) APIサーバ + フロントエンド(React + Sass)のような形で、フロントとバックエンドを分離して、デザイン、UIなどの実装/変更容易性に取り組んでるプロダクトもあります。


【 開発の特徴 】
・開発言語などはお客様からの指定がない限り、エンジニアを主体に決定していきます。
・モダンな技術や言語にも積極的にアプローチしているので、挑戦したい技術・言語があれば積極的に提案してください。
・個人の特性を考慮して案件を振り分けますが、新規開発と保守開発のプロジェクトを1つずつもつメンバーが多いです。
・開発領域も柔軟に相談できるので、フロントエンドからサーバサイドまで幅広い技術を習得できます。
・エンジニア同士はもちろん、ディレクター、デザイナーと連携を取りながら、プロダクトの開発に取り組んでいただきます。",先進技術でオンラインショップのユーザー体験を革新するEC開発を提供します。ヘッドレスコマースやOMO戦略を駆使し、顧客の新たな価値創造を目指します。
https://www.green-japan.com/company/2252/job/267567,"グローバルウェイではコンサルティングから要件定義、基本設計、詳細設計、テスト、運用・保守までの一気通貫開発を幅広く経験してフルスタックエンジニアとして成長して頂きます。
一次請けで開発することを大事にしており、100％自社内でチーム開発を行う環境です。

AWSやGCPをはじめとした、クラウド・プラットフォーム上を用いプログラムを開発しております。プログラムの具体的な言語としては、Python利用しており、クラウド・プラットフォームとプログラムを組み合わせ、製品として様々な法人のお客様へ提供しております。

今回のポジションでは、入社後、基本はシステム開発となります。
希望があれば運用保守からでも可能です。ご自身のスキルや適性に合った業務からスタートし、徐々にステップアップできるチャンスです。入社後、運用保守フェーズから入り、社内や案件等に慣れていただいてから、周囲のフォローを受けて徐々に上流工程にチャレンジ頂けます。

■実績
・通信事業会社 カスタマーポータルとAPI基盤の構築 5億円程度（3年間の追加機能開発含む）
・健康機器メーカー 健康データサービスAPI基盤の構築 4億円程度（3年間の追加機能開発含む） 
・個別指導塾 請求⼊⾦管理システムの構築 3億円程度（保守含め3年間のプロジェクト）

■開発環境
・言語/フレームワーク:Python/django,Vue.js,VS Code,Docker,
・インフラ:AWS/GCP
・プロジェクト管理: Jira 、Confluence
・コミュニケーションツール: Teams
・ファイルストレージ：BOX
・PJ工数：チームスピリット、チームスピリットリーダーズ

■チーム体制で業務、開発手法について
Vue.js（フロント）＋Django（バックエンド）を用いたWebアプリケーション開発
マネージャー：リソース管理、顧客提案（見積・価格調整）
└リーダー：対顧客仕様調整、PJの課題管理、進捗管理
└メンバー（２～５名）：設計・製造・試験

（変更の範囲）
会社の定める業務
※年2回の評価制度により本人が望むキャリアに沿って上長と相談のうえ決定していきます
（2024年4月1日施行　改正職業安定法施行規則に則って表記しております）",一次請けで開発することを大切にしており、100％自社内でチーム開発を行う環境で、コンサルティングから要件定義、開発、保守運用まで一気通貫の開発を経験することができます。
https://www.green-japan.com/company/9950/job/239737,"SESエンジニアとして顧客の開発プロジェクトに参画し、開発業務等の作業に携わっていただきます。
プロジェクト先は、本人のご経験やキャリアビジョンなどに応じて適切な現場へのアサインとなりますので、ご安心ください。

▍開発フェーズ
要件定義、基本設計、詳細設計、製造、単体テスト、結合テスト、総合テスト、運用保守など
プロジェクトにより開発工程も様々ですが、あなたのお得意な開発フェーズやチャレンジしたい開発工程に合わせてスタートが可能です。

▍開発環境
言語/フレームワーク等
・サーバサイド
Python、Django、Java、Spring、Springboot、Struts、Golang、Scala、Swift、Kotlin、Unity、VB.NET、C#、C++、Flutter...

・フロントエンド
JavaScript、TypeScript、Vue.js、Nuxt.js、React.js、Next.js、Angular.js、jQuery...

・環境等
AWS、Azure、GCP、Windows、Linux、Oracle、MySQL、PostgreSQL...

▍業界や業種
業界や業種は幅広く対応しており、顧客規模も大手から中小のベンチャー企業まで様々です。

▍本ポジションの魅力
お客様先の開発環境にて、着実にスキルアップが図れることが魅力です。
最新技術に触れる、習得したいスキルが身に付く、なりたいポジションの経験が積めるなどあなたの描くキャリアビジョンに応じて成長していくことが可能です。
また営業のサポートも手厚く行っておりますので、業務での相談事やキャリアパスについても随時すり合わせができる安心感がございます。

▍セイルの魅力
◎やりたい仕事が叶う　★入社理由1位！
当社ではエンジニアの希望を最優先にしています。
常時2000件以上の案件からあなたがやりたい案件を選択可能な環境です。
理想のキャリアビジョンに近づけるようスキルアップを優先したり、稼働安定やリモート勤務など、働きやすさ重視で案件を選ぶのもOKです！

◎営業のサポートが充実している
プロジェクト参画が決まると専任の担当営業がフォローさせていただきます。
定期的な1on1ミーティングを実施し、稼働状況の把握や人間関係の相談にも丁寧に対応しております。
最適な案件提案やキャリアアドバイスも行なっていますので、プロジェクトを切り替えたい際もご相談ください。

◎ワークライフバランスを大切にできる
年間休日127日・有休取得率8割・リモート案件7割以上・平均残業時間は月/4h程と働きやすい環境を整えています。
稼働時間に関しても担当営業が管理をしており、高稼働が続いている際は、現場へ調整依頼を出す等、コントロールをしております。
プライベートも充実させ、家族・趣味・勉強の時間も大事にできる環境です。",常駐型システム開発支援を通じて、様々な業界と業種のプロジェクトに携わります。希望する案件を選び、スキルアップを支援される環境でエンジニアとして成長できます。
https://www.green-japan.com/company/5007/job/239481,"【概要】
全国自治体や官公庁に導入いただいている自社サービスの開発を幅広くお任せします。
具体的には、電子申請ソリューションや子育て支援事業の企画、開発をご担当いただきます。

【具体的な仕事内容】
■Python、Go、Typescriptなどで開発している、自社サービスの新規機能開発、運用、保守

【仕事の魅力】
◎IT/AIなどを使った国や自治体へ向けて自社パッケージのWEB系ソリューションを展開しています。
国や自治体に向けてサービスを提供するため、大規模データ処理に耐えうるサーバー、通信技術、セキュリティ技術など、最新技術を身につけていただける環境です。一般ユーザー・一般企業向けのサービスでは行わないレベルのセキュリティ要件を満たす必要があります。
◎開発言語やフレームワーク、開発メソッドも特に決まりはありません。特性に応じて適切なものを選ぶことができます

【社内の雰囲気】
自由でフラットな社風で役職や担当プロジェクトにかかわらず意見を出し合っています。エンジニアは、リモート勤務可能、かつ勤務時間はフレックスタイム制です。社内のコミュニケーションはSlackで柔軟に行っています！パソコンやモニターも好きなものを選択することができますので、ご自身の希望の開発環境を整えられます。

【ここが魅力！】
これまで世に出回っていない、社会貢献性の高いプロダクトを扱っています。
社内には技術志向も、プロダクト志向も高いメンバーがおり、技術を試せる環境が整っています。要件定義、技術選定などから行うことができるため、自分の意見をプロダクトに反映させやすく裁量が大きいところが特徴です。

【子育て支援事業】子育てモバイル
自治体向けサービスとして、地域の子育て世代に対し便利な機能・情報を提供するシステムです。300を超える自治体に導入されております。
予防接種スケジューラ・電子母子手帳のパイオニアとして、省庁や自治体と今後子育て世代に取り組まれており、仕組みにいち早く関わりながら進めていける面白さがあります。
・自治体への導入数はトップシェアで自治体を通じた新しいサービスを次々に展開
・子育て×予約システム×電子申請がコロナ対策として非常にマッチし需要大
・マイナンバーと連携したサービスなど、自治体サービスのプラットフォームとなる仕組みや展開

【mila-e 予防接種】
医療機関でデジタル予診票の入力・署名や予防接種記録の確認ができるシステムです。
自治体・医療機関・保護者の三者間で連携することで、自治体や医療機関の業務の効率化を図り、各者の負担を軽減に役立てています。",フロントエンドエンジニア
https://www.green-japan.com/company/869/job/212297,"マネジメントに特化したい？開発者として手も動かしたい？PJは自分で選べる！希望のキャリアパスを描こう
もっと経験の幅を広げたいと考えているエンジニアの方が多いように感じますが、こんなご希望をお持ちではないでしょうか？

「マネジメントの経験を極めてPMとして活躍したい」
「上流工程だけではなく開発者として手も動かすプレイングマネージャーを目指したい」
「バックエンドだけでなくフロントエンドやインフラ領域も触りたい」

上記のような希望も弊社であれば叶えることができます！
なぜかというと、プロジェクトにアサインする前に営業担当がエンジニアの希望を丁寧にヒアリングし、それに見合った案件のみを提案しているからです。
そのため希望するキャリアパスに沿ったプロジェクトに参画することが可能になっています。


【クライアント一例】
Webサービスの開発に特化しており、下記のような企業に客先常駐として開発に携わることが多いです。
　①0⇒1でプロダクトをこれから開発する自社開発企業のスタートアップ
　②数年前にプロダクトをローンチしており、1⇒10のフェーズでプロダクトの品質改善・リファクタリングなども行いつつ、別の新規事業にてプロダクトの新規開発などに携わることができるベンチャー企業
　③社内で20～30の事業部を持っておりプロジェクトの異動がしやすいメガベンチャーやITによる事業推進について積極的な事業会社

■希望すれば技術選定から携わるチャンスは多くあります。
■多くの案件ではエンド企業のプロパーのエンジニアとの役割・業務内容の差がないため、設計～実装（テストコードの実装も含めます）～テストまで一貫して担当して頂く想定です。

■これまではPHPやJavaの案件が7割以上を占めていましたが、直近ではReactやVue.jsなどモダンなフレームワークをした案件も増えてきています。
　【案件実例】
　・PHPエンジニア⇒PHP＋Vue.jsでフロントエンド開発も担当する案件にアサイン
　・Javaエンジニア⇒未経験のGoへのリプレイス案件に挑戦
■クライアントとの直接契約の案件で上流工程の経験を積みつつ、入社後２～３年後までに以下のようなキャリアパスを描くことができます。
　・数名のチームリーダー⇒手も動かしつつプロジェクト管理もできるプレイングマネージャーへ
　・クラウドインフラも手掛ける案件に参画⇒フロントエンド＋インフラ構築・チューニングもできるフルスタックエンジニア

■案件実例
1. BtoBの人事労務の効率化を目指すHRテックのSaaSプロダクト開発
　　▪言語/FW：Ruby、Ruby on Rails、Vue.js
　　▪チーム体制：全体10名　フロントエンド/バックエンド/QA/デザイナーと4チーム
　　　　　　　（バックエンドチーム5名に所属）
　　▪タスク管理：Jira
　　▪コミュニケーションツール：slack

　2. シニアの人が介護施設を見つけるためのマッチングプラットフォームのリプレイス
　　▪PHP（Zend Framework）からのリプレイス
　　▪言語/FW：Ruby on Rails、React、TypeScript
　　▪チーム体制：3名　うち1名がチームリーダー
　　▪コミュニケーションツール：slack

　3. BtoB受発注プラットフォームのフロントエンド開発
　　▪Vue.JSのバージョンアップ及び改修（Vue2→Vue3）
　　　　▪変更が必要なファイル数：300ファイル以上
　　　　▪画面数：約72画面
　　▪言語/FW：TypeScript、Vue.js
　　▪チーム体制：7名　うち1名がチームリーダー

★アスペアのカルチャーに共感し長く働いていただける方を募集しています★
弊社HPをはじめ様々な情報を幅広くご確認いただき、ご応募いただけますと幸いです！
（弊社HPに社員インタビュー等も掲載しております）
※なお弊社新制度の『入社お祝い金制度』はGreen経由の応募の方は対象となりません",フロントエンドエンジニア
https://www.green-japan.com/company/10011/job/245775,"【具体的な業務内容】（業務の変更範囲：会社の定める業務）
・Djangoを用いたバックエンドのAPI設計 / 開発 / 運用
・Vue.js / Reactを用いたフロントエンド設計 / 開発 / 運用
・外部連携システムの開発/運用
・各種スクラムイベントへの参加

◎弁護士をはじめとするコンテンツチームなどのメンバーと協働しながらサービスを開発していきます。

【開発環境】
・OS：MacOS, Windows
・言語：Python, JavaScript, TypeScript
・フレームワーク：Django,Vue.js, React
・インフラ: AWS, GCP, Azure, k8s
・その他: Github, Slack, Figma, Notion, Zoom etc.

【プロダクト】
契約書レビューAIクラウド「LeCHECK」は、契約書の作成からレビュー、翻訳、管理やノウハウ共有までを低価格で実現しています。
「LeCHECK」はWordアドインによるご提供も行っており、ユーザーのリーガルチェックニーズに包括的に対応するクラウド型リーガルテックサービスです。

- 契約書自動AIレビュー機能で条項の見落としリスクを軽減
- 契約書ファイルを安全に保管するキャビネット機能で契約書の紛失を防止
- 海外取引における英文契約書チェック機能で欠落条項、要注意条項等を検知
- 契約書作成支援機能で簡単に契約書を作成

【仕事の魅力】
▼最新技術を実践する機会が豊富
技術スタックやアーキテクチャの検討は開発メンバーが主体となって行なっており、プロダクトを成長させる最新技術やアイデアを積極的に実践し、取り入れています！
また、AWS・GCP・Azure全ての認定スタートアップに採択された実績があり、技術でプロダクトの成長をリードしていくことが出来ます。

▼少数精鋭メンバーでのスクラム開発
現在はエンジニア10名程度でプロダクトを開発しています。
開発プロセスにはスクラムを取り入れており、ポジションや業務経験に関わらず、一緒に働くメンバー同士で業務改善についてフランクに話し合い、実践する環境が整っています。
CSM認定者も複数名在籍しており、より良い開発環境をみんなで作り上げていっています。

▼プロダクト成長につながることは積極的に取り入れる
働き方や業務・開発プロセスなど、プロダクトの成長につながることは積極的に取り入れる社風です！
部署やチームの枠組みを越えて、全社一丸となってプロダクト開発・会社の成長に取り組んでいます。
また、開発メンバーはリモートワークがメインになっており、メンバーの中には遠隔地在住の者もいます。（もちろん出社希望も大丈夫です）",AIと弁護士の知見で企業の法務リスクを減らし、滑らかな活動を支援します。合理的な価格で提供する法務サポートで、企業に安心をもたらします。
https://www.green-japan.com/company/7275/job/280831,"Pythonでキャリアを作っていきたい、
Pythonフレームワークに触れてスキルを伸ばしたい方、大歓迎です！
独学でPythonでの開発経験があれば是非ご連絡ください！

Pythonと一言で言っても、様々なサービス、プロダクトがあります。
弊社であれば、サービス開発なのか、データ分析なのか、ゲームなのかなど
「何をやりたいか」を一緒にしっかりすり合わせて決めていきます！

▼こんなPythonのプロジェクトがあります！
=======================
■ヘルスケアサービスの開発
Python、React、AWS

■動画配信システムの開発
Python（Django、Bootstrap）、GitHub、AWS、Docker、アジャイル

■バーチャル空間のプラットフォーム開発
Python、Unreal Engine

■飲食店向けの新規Webサービス
Python（Django）、PHP（Laravel）、Vue.js、AWS

■データ分析支援
Python、AWS、Tableau
=======================

上記のようなモダンな環境で、Pythonの経験を伸ばしていきたい方はぜひご連絡ください！
まずはWebご連絡お待ちしております！",メーカー、教育、医療など多様なシステムの開発を担当してきました。今後もエンジニアの「キャリアの選択肢を増やす」ために新規事業も行っていきます！
https://www.green-japan.com/company/8705/job/238694,"【概要】
事業会社様向け弊社プライム案件または上場企業SIer様向けの案件にて、上流工程から保守運用まで様々な案件に携われます。

「自分の力を試したい！スキルアップしたい！」
「お客様の事業を考えながら仕事をしたい！」
「自分の意見をサービスに反映したい！」
「クラウドや最新のサービス組み合わせたモダンな開発を行いたい！」など、意欲的な方大歓迎です。

【主な業務内容】
受託開発またはお客様のプロジェクトでの開発または保守

※ご経験に応じてスタートするポジションはご相談可能です。
　事業会社様またはシステム開発会社様向けの案件となります。お客様とはリモート対応となるため常駐はございません。

【環境】
開発言語：PHP、Python、React.jsなど
インフラ：AWS,GCP,Azureなど
作業環境：GoogleWorkspace,Slack,Github,Backlog,Confluence
　　　　　PCはご希望に応じてWindowsまたはMACを選択

【ポイント】
■働き方
・清算期間3か月のフレックスタイム制
1カ月ごとに勤務時間を区切るのではなく、3か月ごとに区切っているので、仕事とプライベートの両立がしやすい環境で働いていただけます。

■働く環境
・1人1台以上のマルチディスプレイ
・グレードによっては、フルリモート可能",フロントエンドエンジニア
https://www.green-japan.com/company/2065/job/277754,"2019年からスタートしたAI・AR事業。一緒に会社の新しい柱を築きませんか？
フルリモート、フルフレックスと働き方も自由。一人一人がフルスタックで活躍し、責任ある仕事を毎日こなしています。

足測定アプリケーションの開発をご一緒にやっていただける方を募集しております。

《業務内容例》
足を測定し、靴を購入する際の参考になるデータを取得するスマートフォンアプリを開発しています。
現状は精度向上及びUI開発が課題になっています。
この募集では主にスマートフォンアプリリリースを目指すプロジェクトに参画していただきます。

《採用担当者より》
こういった技術に興味や関心が強く、粘り強くやっていただける方を募集しています。",AI・AR技術を活用し、新たなビジネスを創造する事業です。空間認識技術や画像処理技術を駆使して、革新的なアプリケーションを実装します。
https://www.green-japan.com/company/3581/job/231781,"【仕事内容】
主に製薬企業や研究機関の顧客に対して、下記領域の新規開発、派生開発、保守等をサブリーダークラス相当のポジションで取り組んでいただきます。
 * 創薬支援プラットフォームや関連システム
 * ITインフラ（AWSなどクラウドサービスの仮想環境がメイン）
以下の技術や環境をベースに日々の開発業務をサポート/リードしていただくことを想定しています。
なお、チームや事業部のメンバーとの話し合いにより、技術環境や業務効率化の向上に対する提案ができる風通しのよい職場です。

[技術/環境]
 * 言語: Python, R, JavaScript など
 * フレームワーク: Vue, React, Django など
 * データベース: PostgreSQL, MySQL, Oracle Database など
 * 開発支援環境: GitHub, GitHub Copilot, Visual Studio Code など
 * インフラ: AWS, Azure, オンプレミス
 * 情報共有: Teams, Discord, Notion",ライフサイエンス分野に特化したITインフラ環境を提供します。サーバー構築から運用保守まで、全ての工程でお客様をサポートするサービスです。
https://www.green-japan.com/company/3664/job/280484,"クライアント様からご依頼を頂いたシステムの設計〜実装の業務を遂行して頂きます。

▼具体的な業務内容の一例
・ナショナルクライアント様からご依頼頂いた新規バックエンド及びフロントエンドの開発
・EC案件の改修作業やメンテナンス
・VR/AR案件の要件定義〜開発
・LINEミニアプリ開発での機能追加や導入支援

▼開発環境一例
バックエンド：Ruby・Node.js・Java(Springboot)・PHP(Laravel)
フロントエンド：TypeScript・Vue.js
パブリッククラウド：AWS
データベース：RDB・NoSQL
コミュニケーションツール：teams・Zoom",Web系のシステム開発を主とするシステムインテグレーション事業です。要件定義から運用まで全てをカバーし、多様な技術スタックで対応しています。
https://www.green-japan.com/company/9149/job/250376,"【業務内容】
顧客の要望に基づいたデータ分析、解析、フィジビリティ、レポーティング、及びPythonによるプログラミング

【開発環境】
プロジェクト毎に指定の環境を利用

【開発言語】
　開発要件によって変化
・各種Script言語
・Python

※全ての工程においてのスキルが必須ではなく、チームとして得意領域を補完し合う形で仕事を進めていきますのでご安心ください

【エンジニアとして新しいチャレンジが叶う環境】
現在、案件の約半数が車載系のHMI開発ですが、その他にも最先端技術を活用した案件や珍しいプロジェクトもあり、案件のバリエーションが豊富です。

また、フランクな場での対話から生まれるアイデアを大切にしており、それらアイデアをチームでカタチにしています。
実際に、京セラ様と実現した『高精細 空中ディスプレイ』では、従来の映像を投影するだけではなく、『空中に浮かぶ映像に触れる感触はないけど、直感的にジェスチャー操作できるものを作ろう！』そんな自由な発想で実装しました。

多種多様な案件に上流工程から携わるため、『より良いプロダクトを自らの手でつくっている』実感を得ることができます。

【スーパーフレックスタイム制】 ※コアタイム無し 標準労働時間帯／9：00～18：00（1日の標準労働時間8時間） フレキシブルタイム／5：00～22：00",フロントエンドエンジニア
https://www.green-japan.com/company/10289/job/274967,"【事業内容】
◆生成AIを用いたPoC・システム開発
PoCでは、生成AIを用いた新しいサービスや検証を、顧客企業様と一緒に行っています。
プロンプトデザインはもちろん、ファインチューニングやRAGなどの領域に踏み込み、生成AI領域に挑戦したいPMにとっては面白い案件が沢山あるでしょう。
本開発では、生成AIを業務の中に導入したり、LLMのAPI連携の実装をしたり、業務効率化or新規ビジネス創出のお手伝いをしています。

◆自立型AIエージェントPoC開発
生成AIの出現により、自然言語で業務を補助する「自律型AI」という分野が誕生しました。
顧客企業の業種・業務に特化した専門的なAIアシスタントで既存業務を代替していく提案を行なっています。

◆自社プロダクトとしての新規AIサービス開発
絶賛開発中のサービスです。
-複数人格を持ったAIアバタープラットフォームの開発。
-ChatGPTを活用するためのChrome拡張の開発。

【主な業務内容】
自社プロダクトの開発or受託案件の開発
■開発
・⼯数⾒積もり
・基本設計、詳細設計
・開発
・単体テスト∕結合テスト∕システムテスト
・リリース etc...

■品質管理
・コードレビュー
・UI∕UX含めた動作
・設計書
・テスト仕様書、および、実⾏結果 etc...

【開発言語・環境】
・言語：Typescript / Python
・フロントエンド：React / Next.js
・バックエンド：FastAPIなど
・インフラ（クラウド）：AWS - EC2 / ECS / Lightsail / Lambda / DynamoDBなど
・その他：Jest / Cypress / CircleCI / Docker / git / Figmaなど

【開発実績】
・新規事業室での「リサーチ」「分析」「事業計画検討」を70％自動化するAIエージェント
・社内お問い合わせの1次回答を自動化するRAG型のチャットボット
・過去事例や最新情報を加味して、10秒で記事のたたき台を作成できるAIプロダクト
・お客様からのメール対応の工数を80％削減したAIメール
・サーバーやAI PCを活用したオンプレでの生成AI活用
・生徒の感情や学習状況を踏まえ、勉強をアシストするAIアシスタント etc...

【案件例】
・AI社員による自動メールシステム・営業支援アシスタント
・業界専門技術に対応したAIチャットボット
・効率的な求人票の自動作成AI
など、大手企業様をはじめとして、製造、飲料メーカー、エネルギー、インフラ、人材などの領域でのプロジェクトに取り組んできた実績があります。",お客様の課題を生成AIで解決するソリューションを提供するサービスです。 PoCでの精度検証を行い実現可能性を確かめて本開発へつなげます。
https://www.green-japan.com/company/5996/job/181224,"開発部署にて、バックエンド開発（自社サービスの機能開発・プロダクト開発）をご担当いただきます。

＜お任せする仕事内容＞
・自社サービス向け新機能の設計・開発
・新プロダクトの設計・開発
・自社サービスの保守・運用
・クライアント案件の新規開発・保守・運用（お客様対応はありません）
・リーダーとしてメンバーのサポート

＜開発環境＞
・開発言語：Node.js, Java
・フレームワーク: Express, Koa
・インフラ：AWS
・その他ツール： Git, Github, Slack, Asana, GoogleDrive, Box
・開発環境：Mac, Windows

＜働く環境について＞
・フルリモートの仕事環境で、開発部署はフレックスタイム（コアタイムあり）となっています。
・平均残業時間は月15時間程度（全社）です。各自がパフォーマンスを出しやすい環境を整えたり、仕事管理ツールのAsanaを活用するなど、ワークライフバランス/生産性を意識した働き方に注力しています。

＜スキルアップ・キャリア＞
・定期的な勉強会を実施するなど、スキルアップに向けたインプットの場も豊富。
・技術を極めたい方にはテックリーダーとしてのキャリアパス、 PL/PMなどマネジメント方面を目指したい方にはマネジメント用のキャリアパスを整備してあります。",世界シェアNo.1のECプラットフォーム「Shopify（ショッピファイ）」に特化したECサイトの構築と運用支援を行っています。
